Abbreviation,fp2_avg_pace_s,year,round
ALO,99.15116666666667,2021,1
BOT,99.52066666666666,2021,1
GAS,97.51133333333333,2021,1
GIO,99.30509090909091,2021,1
HAM,98.59385714285715,2021,1
LAT,99.7435,2021,1
LEC,99.20500000000001,2021,1
MAZ,101.722,2021,1
MSC,100.866,2021,1
NOR,98.72109999999999,2021,1
OCO,99.53681818181818,2021,1
PER,98.78409090909089,2021,1
RIC,98.92133333333334,2021,1
RUS,99.46871428571428,2021,1
SAI,97.80733333333335,2021,1
STR,99.483,2021,1
TSU,98.268125,2021,1
VER,98.76945454545454,2021,1
VET,99.53777777777776,2021,1
ALO,81.69944444444444,2021,2
BOT,79.657,2021,2
GAS,80.24028571428572,2021,2
GIO,80.383,2021,2
HAM,80.42850000000001,2021,2
LAT,80.7946,2021,2
LEC,79.826,2021,2
MAZ,95.8114,2021,2
MSC,81.80866666666667,2021,2
NOR,80.7158,2021,2
OCO,80.57944444444445,2021,2
PER,80.64775,2021,2
RAI,81.31985714285715,2021,2
RIC,101.656,2021,2
RUS,80.94036363636364,2021,2
SAI,80.72846153846154,2021,2
STR,81.33711111111111,2021,2
TSU,80.31599999999999,2021,2
VET,81.971,2021,2
ALO,86.64984615384614,2021,3
BOT,83.24180000000001,2021,3
GAS,84.63877777777778,2021,3
GIO,87.829,2021,3
HAM,83.8265,2021,3
LAT,88.11453846153846,2021,3
LEC,84.89900000000002,2021,3
MAZ,86.166,2021,3
MSC,87.078625,2021,3
NOR,84.54899999999999,2021,3
OCO,86.49275,2021,3
PER,85.28300000000002,2021,3
RAI,88.4952,2021,3
RIC,87.97683333333333,2021,3
RUS,87.89008333333334,2021,3
SAI,84.9358,2021,3
STR,85.22257142857143,2021,3
TSU,84.33371428571427,2021,3
VER,86.94866666666667,2021,3
VET,84.65992307692305,2021,3
ALO,84.29407692307691,2021,4
BOT,83.3585,2021,4
GAS,84.078,2021,4
GIO,84.80850000000001,2021,4
HAM,83.3017142857143,2021,4
LAT,85.57709090909091,2021,4
LEC,84.17666666666668,2021,4
MAZ,86.08924999999999,2021,4
MSC,85.68866666666666,2021,4
NOR,84.75000000000001,2021,4
OCO,84.43215384615384,2021,4
PER,85.13977777777778,2021,4
RAI,86.6205,2021,4
RIC,84.82114285714286,2021,4
RUS,84.92391666666667,2021,4
SAI,84.4910909090909,2021,4
STR,84.57383333333334,2021,4
TSU,84.17575,2021,4
VER,84.405,2021,4
VET,84.58878571428572,2021,4
ALO,78.89875,2021,5
BOT,78.09471428571429,2021,5
GAS,79.525,2021,5
GIO,76.59033333333333,2021,5
HAM,84.63522222222223,2021,5
LAT,77.78144444444443,2021,5
LEC,82.0126923076923,2021,5
MAZ,78.652,2021,5
MSC,77.75533333333334,2021,5
NOR,83.33587499999999,2021,5
OCO,78.20233333333333,2021,5
PER,82.38225,2021,5
RAI,78.61785714285713,2021,5
RIC,79.73425,2021,5
RUS,77.83699999999999,2021,5
SAI,80.08316666666667,2021,5
STR,81.22933333333333,2021,5
TSU,81.7195,2021,5
VER,79.82800000000002,2021,5
VET,81.35366666666665,2021,5
ALO,108.50825,2021,6
BOT,111.927,2021,6
GAS,107.79366666666668,2021,6
GIO,108.95228571428571,2021,6
HAM,108.32885714285715,2021,6
LEC,109.9096,2021,6
MAZ,109.58275,2021,6
NOR,108.03200000000001,2021,6
OCO,108.92099999999999,2021,6
PER,106.94287500000002,2021,6
RAI,109.18857142857144,2021,6
RIC,107.85075,2021,6
RUS,110.00455555555556,2021,6
SAI,108.20425,2021,6
STR,108.10742857142857,2021,6
TSU,112.18975,2021,6
VER,109.66871428571429,2021,6
VET,107.92725,2021,6
ALO,98.557625,2021,7
BOT,98.1528,2021,7
GAS,99.2096,2021,7
GIO,99.68249999999999,2021,7
HAM,99.882,2021,7
LAT,99.99388888888889,2021,7
LEC,99.29260000000001,2021,7
MAZ,103.24016666666667,2021,7
MSC,101.043625,2021,7
NOR,100.00885714285714,2021,7
OCO,99.366,2021,7
PER,99.18912499999999,2021,7
RAI,100.03675,2021,7
RIC,100.13075,2021,7
RUS,99.60044444444445,2021,7
SAI,98.22566666666667,2021,7
STR,100.20177777777778,2021,7
TSU,99.2414,2021,7
VER,98.31875,2021,7
VET,99.41300000000001,2021,7
ALO,70.67513333333333,2021,8
BOT,69.81966666666668,2021,8
GIO,72.8494,2021,8
HAM,70.72330000000001,2021,8
LAT,70.879,2021,8
LEC,70.1510625,2021,8
MAZ,72.02018181818181,2021,8
MSC,70.952,2021,8
NOR,70.35888235294118,2021,8
OCO,70.422,2021,8
PER,69.93260000000001,2021,8
RAI,70.60408333333335,2021,8
RIC,72.82005882352941,2021,8
RUS,70.3428125,2021,8
SAI,74.05052380952381,2021,8
STR,71.24171428571428,2021,8
TSU,70.44315384615385,2021,8
VER,71.727,2021,8
VET,71.14546153846153,2021,8
ALO,70.11677777777778,2021,9
BOT,74.2116,2021,9
GAS,71.00408333333333,2021,9
GIO,73.21055555555556,2021,9
HAM,76.33933333333334,2021,9
LAT,71.09914285714287,2021,9
LEC,69.829125,2021,9
MAZ,71.9365,2021,9
MSC,71.5833,2021,9
NOR,70.2429,2021,9
OCO,70.728625,2021,9
PER,71.94904761904762,2021,9
RAI,72.80327272727273,2021,9
RIC,69.99725000000001,2021,9
RUS,69.90314285714285,2021,9
SAI,71.53466666666667,2021,9
STR,70.626,2021,9
TSU,71.98969230769231,2021,9
VER,71.29377777777778,2021,9
VET,70.59333333333332,2021,9
ALO,91.97685714285714,2021,10
BOT,91.983,2021,10
GAS,92.2025,2021,10
GIO,94.78922222222224,2021,10
HAM,91.96629999999999,2021,10
LAT,92.52912500000001,2021,10
LEC,91.56937500000001,2021,10
MAZ,95.697,2021,10
MSC,94.823,2021,10
NOR,91.38787500000001,2021,10
OCO,92.24000000000001,2021,10
PER,91.90618181818182,2021,10
RAI,92.40457142857143,2021,10
RIC,91.33928571428571,2021,10
RUS,92.26054545454545,2021,10
SAI,90.90125,2021,10
STR,93.10708333333332,2021,10
TSU,92.4744375,2021,10
VER,91.844,2021,10
VET,92.23538461538463,2021,10
ALO,84.52574999999999,2021,11
BOT,83.988,2021,11
GAS,84.65372727272725,2021,11
GIO,85.44183333333335,2021,11
HAM,85.73216666666667,2021,11
LAT,85.20769230769231,2021,11
LEC,84.1624,2021,11
MAZ,86.484,2021,11
MSC,85.14133333333332,2021,11
NOR,86.12899999999999,2021,11
OCO,86.289,2021,11
PER,84.93483333333332,2021,11
RAI,84.4965,2021,11
RIC,84.26333333333334,2021,11
RUS,84.97246153846153,2021,11
SAI,85.5825,2021,11
STR,83.90542857142857,2021,11
VER,84.7355,2021,11
VET,84.79788888888889,2021,11
GAS,119.41425,2021,12
GIO,121.13925,2021,12
MSC,118.58933333333334,2021,12
NOR,123.97728571428571,2021,12
OCO,116.59366666666666,2021,12
PER,115.998,2021,12
RAI,116.25280000000001,2021,12
RIC,119.87700000000001,2021,12
STR,114.14166666666667,2021,12
TSU,122.05274999999999,2021,12
ALO,78.02575,2021,13
BOT,76.3588,2021,13
GAS,76.03357142857142,2021,13
GIO,81.15366666666665,2021,13
LAT,78.8468181818182,2021,13
LEC,83.29014285714285,2021,13
MSC,77.59514285714286,2021,13
NOR,81.36157142857144,2021,13
OCO,76.68353846153846,2021,13
PER,83.11250000000001,2021,13
RAI,83.81371428571428,2021,13
RIC,93.84033333333333,2021,13
RUS,76.89372727272726,2021,13
SAI,76.8,2021,13
STR,75.83566666666667,2021,13
TSU,76.46466666666666,2021,13
VER,81.79625,2021,13
VET,82.81174999999999,2021,13
ALO,84.982,2021,14
BOT,84.00042857142857,2021,14
GAS,85.31142857142858,2021,14
GIO,85.3252,2021,14
HAM,84.35425000000001,2021,14
KUB,85.95188888888889,2021,14
LAT,85.41244444444445,2021,14
LEC,85.22274999999999,2021,14
MAZ,85.9974,2021,14
MSC,86.7896,2021,14
NOR,85.38690909090909,2021,14
OCO,86.15724999999999,2021,14
PER,84.84027272727273,2021,14
RIC,84.96571428571428,2021,14
RUS,85.9268,2021,14
SAI,86.99879999999999,2021,14
STR,85.99866666666667,2021,14
TSU,86.14992307692309,2021,14
VER,83.8298,2021,14
VET,86.1,2021,14
ALO,101.38816666666668,2021,15
GAS,101.01866666666666,2021,15
GIO,111.48599999999999,2021,15
HAM,101.5557142857143,2021,15
LAT,102.24071428571428,2021,15
LEC,101.19571428571427,2021,15
MAZ,102.92283333333334,2021,15
MSC,103.08514285714286,2021,15
OCO,101.26700000000001,2021,15
PER,102.758625,2021,15
RAI,101.28239999999998,2021,15
RUS,101.13942857142855,2021,15
STR,101.3416,2021,15
TSU,102.77428571428572,2021,15
VER,102.12442857142857,2021,15
VET,100.88316666666667,2021,15
ALO,101.38166666666666,2021,16
BOT,92.16378571428572,2021,16
GAS,88.71257142857144,2021,16
GIO,90.64642857142857,2021,16
HAM,87.87818181818183,2021,16
LAT,89.70925,2021,16
LEC,88.496,2021,16
MAZ,89.96125,2021,16
MSC,89.68800000000002,2021,16
NOR,104.26475,2021,16
OCO,88.84142857142857,2021,16
PER,89.2092,2021,16
RAI,89.43283333333333,2021,16
RIC,95.36349999999999,2021,16
RUS,89.21781818181819,2021,16
SAI,89.74040909090908,2021,16
STR,92.17242857142855,2021,16
TSU,90.381,2021,16
VER,93.39890909090909,2021,16
VET,89.17746666666667,2021,16
ALO,102.2176,2021,17
BOT,106.26169999999999,2021,17
GAS,103.38219999999998,2021,17
GIO,102.67349999999999,2021,17
HAM,104.05266666666667,2021,17
LAT,103.95966666666668,2021,17
LEC,102.9205,2021,17
MAZ,105.31757142857143,2021,17
MSC,105.93100000000001,2021,17
NOR,102.61414285714284,2021,17
OCO,103.08075,2021,17
PER,102.07770000000001,2021,17
RAI,103.298625,2021,17
RIC,102.7425,2021,17
RUS,104.00730769230769,2021,17
SAI,103.69811111111112,2021,17
STR,102.20733333333334,2021,17
TSU,103.71071428571427,2021,17
VER,103.42433333333334,2021,17
VET,102.4979,2021,17
ALO,82.26575000000001,2021,18
BOT,81.08375,2021,18
GAS,81.77542857142858,2021,18
GIO,83.5214,2021,18
HAM,82.58033333333333,2021,18
LAT,86.75844444444446,2021,18
LEC,82.10466666666666,2021,18
MAZ,85.65566666666666,2021,18
MSC,83.27766666666666,2021,18
NOR,82.6462,2021,18
OCO,83.1491875,2021,18
PER,82.41911111111112,2021,18
RAI,82.58814285714286,2021,18
RIC,99.28750000000001,2021,18
SAI,85.795375,2021,18
STR,83.01141666666666,2021,18
TSU,82.50186666666669,2021,18
VER,82.63581818181818,2021,18
VET,82.93900000000001,2021,18
ALO,73.512,2021,19
BOT,74.6982,2021,19
GAS,74.0240909090909,2021,19
GIO,75.1329375,2021,19
HAM,73.74185714285714,2021,19
LAT,74.3828,2021,19
LEC,73.69190909090909,2021,19
MAZ,76.1875,2021,19
MSC,75.32866666666666,2021,19
NOR,74.7478888888889,2021,19
OCO,73.76566666666666,2021,19
PER,74.11511764705882,2021,19
RAI,74.49441176470589,2021,19
RIC,73.88383333333333,2021,19
RUS,74.43792307692307,2021,19
SAI,75.05975000000001,2021,19
STR,74.699,2021,19
TSU,74.35336363636362,2021,19
VER,72.5935,2021,19
VET,74.45263636363636,2021,19
ALO,90.94141666666667,2021,20
BOT,88.787875,2021,20
GAS,90.492375,2021,20
GIO,89.83375,2021,20
HAM,90.10583333333334,2021,20
LAT,90.58045454545454,2021,20
LEC,89.6965,2021,20
MSC,90.23216666666667,2021,20
NOR,89.6538,2021,20
OCO,89.0861,2021,20
PER,89.7945,2021,20
RAI,90.58833333333332,2021,20
RIC,90.08157142857142,2021,20
RUS,90.44063636363637,2021,20
SAI,89.48722222222221,2021,20
STR,90.28916666666665,2021,20
TSU,91.08720000000001,2021,20
VER,89.56275,2021,20
VET,88.67633333333333,2021,20
ALO,95.64579999999998,2021,21
BOT,106.0864,2021,21
GAS,104.29133333333333,2021,21
GIO,95.40633333333334,2021,21
HAM,96.20374999999999,2021,21
LAT,95.9178,2021,21
LEC,103.9395,2021,21
MAZ,116.44325,2021,21
MSC,96.40599999999999,2021,21
NOR,120.36,2021,21
OCO,96.014,2021,21
PER,111.12516666666666,2021,21
RAI,108.135,2021,21
RIC,95.165,2021,21
RUS,94.86866666666667,2021,21
SAI,111.141,2021,21
STR,95.92483333333332,2021,21
TSU,110.45349999999999,2021,21
VER,89.7,2021,21
VET,96.2048,2021,21
ALO,89.98236363636364,2021,22
BOT,91.22869230769233,2021,22
GAS,90.46369999999999,2021,22
GIO,91.09714285714287,2021,22
HAM,90.29966666666665,2021,22
LAT,90.947,2021,22
LEC,89.93379999999999,2021,22
MAZ,94.6035,2021,22
MSC,91.93814285714286,2021,22
NOR,90.0353076923077,2021,22
OCO,90.54423076923078,2021,22
PER,90.61822222222223,2021,22
RAI,90.09033333333332,2021,22
RIC,91.71222222222222,2021,22
RUS,91.5991818181818,2021,22
SAI,90.41222222222221,2021,22
STR,90.63433333333334,2021,22
TSU,90.36,2021,22
VER,88.5954,2021,22
VET,90.4111,2021,22
ALB,104.65283333333332,2022,1
ALO,98.66814285714285,2022,1
BOT,98.44040000000001,2022,1
GAS,98.95419999999999,2022,1
HAM,101.98589999999999,2022,1
HUL,100.1052,2022,1
LAT,103.32216666666666,2022,1
MAG,98.47066666666667,2022,1
MSC,101.893125,2022,1
NOR,101.60728571428572,2022,1
OCO,98.89228571428573,2022,1
PER,98.37425,2022,1
RIC,106.7444,2022,1
RUS,98.66177777777779,2022,1
SAI,98.48949999999999,2022,1
STR,100.12714285714286,2022,1
TSU,99.47166666666668,2022,1
VER,97.4718888888889,2022,1
ZHO,99.23637500000001,2022,1
ALB,96.62185714285714,2022,2
ALO,95.945875,2022,2
BOT,109.71449999999999,2022,2
GAS,96.2424,2022,2
HAM,100.8973,2022,2
HUL,95.33466666666668,2022,2
LAT,97.75437500000001,2022,2
LEC,110.8595,2022,2
MAG,115.0886666666667,2022,2
MSC,104.31750000000001,2022,2
NOR,96.553,2022,2
OCO,97.04771428571426,2022,2
PER,95.70316666666668,2022,2
RIC,96.78749999999998,2022,2
RUS,96.90969230769232,2022,2
SAI,115.5425,2022,2
STR,98.770375,2022,2
TSU,97.0052857142857,2022,2
VER,96.61057142857145,2022,2
ZHO,102.54433333333333,2022,2
ALB,85.783,2022,3
ALO,84.18575,2022,3
BOT,85.875,2022,3
GAS,85.37,2022,3
HAM,86.863,2022,3
LAT,86.08375,2022,3
LEC,83.6815,2022,3
MAG,85.33775,2022,3
MSC,86.16049999999998,2022,3
NOR,84.75966666666666,2022,3
OCO,86.1045,2022,3
PER,83.84575000000001,2022,3
RIC,86.73525,2022,3
RUS,86.23275000000001,2022,3
SAI,84.84400000000001,2022,3
STR,85.47333333333334,2022,3
TSU,84.8408,2022,3
VER,84.221,2022,3
ZHO,85.8235,2022,3
ALB,81.29753333333333,2022,4
ALO,81.714,2022,4
GAS,81.053,2022,4
HAM,80.86123076923079,2022,4
LAT,81.92235294117647,2022,4
LEC,80.37154545454545,2022,4
MAG,83.11,2022,4
MSC,82.78708333333333,2022,4
OCO,81.4519090909091,2022,4
PER,80.70331250000001,2022,4
RUS,81.32966666666665,2022,4
SAI,82.03463636363637,2022,4
STR,81.75614285714286,2022,4
TSU,81.39591666666666,2022,4
VER,81.24241176470588,2022,4
VET,81.33755555555555,2022,4
ZHO,81.27327777777778,2022,4
ALB,98.77924999999999,2022,5
ALO,100.06199999999998,2022,5
GAS,98.0242,2022,5
HAM,95.74674999999999,2022,5
LAT,112.61175,2022,5
LEC,96.5556,2022,5
MAG,102.08233333333334,2022,5
MSC,100.86979999999998,2022,5
NOR,96.72433333333333,2022,5
OCO,100.32660000000001,2022,5
PER,104.732,2022,5
RIC,118.98800000000001,2022,5
RUS,100.1828,2022,5
SAI,115.53825,2022,5
STR,101.373,2022,5
TSU,100.5055,2022,5
VET,104.0212,2022,5
ZHO,100.99940000000001,2022,5
ALB,91.35281818181818,2022,6
ALO,90.79990909090908,2022,6
GAS,87.06099999999999,2022,6
HAM,90.73766666666667,2022,6
LAT,91.45739999999999,2022,6
LEC,87.03099999999999,2022,6
MAG,87.49125,2022,6
MSC,89.79233333333332,2022,6
OCO,90.45018181818182,2022,6
PER,90.79045454545457,2022,6
RIC,92.996,2022,6
RUS,89.26027272727272,2022,6
SAI,87.01925,2022,6
STR,87.74075,2022,6
TSU,90.9786923076923,2022,6
VER,86.073,2022,6
VET,87.62485714285715,2022,6
ZHO,89.949,2022,6
ALB,79.09322222222221,2022,7
ALO,79.76176923076923,2022,7
BOT,80.51233333333333,2022,7
GAS,79.3527142857143,2022,7
HAM,80.23687500000001,2022,7
LAT,80.856,2022,7
LEC,84.0105,2022,7
MAG,81.84925,2022,7
MSC,82.0308888888889,2022,7
NOR,84.242,2022,7
OCO,81.44664285714285,2022,7
PER,82.65187499999999,2022,7
RUS,79.43500000000002,2022,7
SAI,86.649,2022,7
STR,80.14072727272728,2022,7
TSU,80.05760000000001,2022,7
VER,77.4015,2022,7
VET,80.59158333333333,2022,7
ZHO,78.61633333333334,2022,7
ALB,123.8855,2022,8
ALO,109.916,2022,8
BOT,109.694,2022,8
GAS,110.40966666666668,2022,8
HAM,116.75011111111111,2022,8
LAT,112.147,2022,8
LEC,111.5145,2022,8
MAG,111.0762,2022,8
MSC,121.92785714285715,2022,8
NOR,111.12149999999998,2022,8
OCO,110.598125,2022,8
PER,107.85239999999999,2022,8
RIC,112.29100000000001,2022,8
RUS,111.22111111111111,2022,8
SAI,113.48166666666667,2022,8
STR,113.58850000000001,2022,8
TSU,115.72575,2022,8
VER,120.518,2022,8
VET,109.69316666666668,2022,8
ZHO,110.25775,2022,8
ALB,79.7019090909091,2022,9
ALO,78.40957142857143,2022,9
GAS,79.29785714285715,2022,9
HAM,79.46449999999999,2022,9
LAT,81.03118181818182,2022,9
LEC,79.40530769230769,2022,9
MAG,79.59544444444444,2022,9
MSC,79.84545454545454,2022,9
NOR,79.541125,2022,9
OCO,78.92133333333334,2022,9
PER,78.8700909090909,2022,9
RIC,79.38733333333333,2022,9
RUS,79.311,2022,9
SAI,79.34799999999998,2022,9
STR,79.2145,2022,9
TSU,79.60979999999999,2022,9
VER,80.81713333333333,2022,9
VET,79.614,2022,9
ZHO,79.24699999999999,2022,9
ALB,111.1008,2022,10
ALO,104.88583333333334,2022,10
BOT,98.32555555555555,2022,10
GAS,97.90333333333335,2022,10
HAM,97.9876,2022,10
LAT,95.66085714285714,2022,10
LEC,98.49485714285716,2022,10
MAG,98.990375,2022,10
MSC,97.6051,2022,10
NOR,97.43190909090912,2022,10
OCO,109.69,2022,10
RIC,98.082875,2022,10
RUS,94.1384,2022,10
SAI,93.80440000000002,2022,10
STR,109.11871428571428,2022,10
TSU,98.92,2022,10
VER,93.47633333333333,2022,10
VET,98.20714285714284,2022,10
ZHO,100.95871428571427,2022,10
ALB,70.03085714285714,2022,11
ALO,70.86354545454546,2022,11
BOT,69.9024,2022,11
GAS,70.09426666666667,2022,11
HAM,74.66288888888889,2022,11
LAT,71.02371428571429,2022,11
LEC,69.61630769230769,2022,11
MAG,70.54971428571429,2022,11
MSC,70.74563636363638,2022,11
NOR,69.875,2022,11
OCO,69.76472727272728,2022,11
PER,69.41828571428572,2022,11
RIC,71.38733333333332,2022,11
RUS,70.91872727272727,2022,11
SAI,69.55790909090909,2022,11
STR,70.667,2022,11
TSU,70.3235,2022,11
VER,68.94575,2022,11
VET,70.29326666666665,2022,11
ZHO,70.29015000000001,2022,11
ALB,99.716125,2022,12
ALO,99.50255555555556,2022,12
BOT,99.892,2022,12
GAS,99.7088,2022,12
HAM,98.82433333333334,2022,12
LAT,100.29988888888887,2022,12
LEC,98.62924999999998,2022,12
MAG,100.23925,2022,12
MSC,101.40780000000001,2022,12
NOR,100.417,2022,12
OCO,100.10688888888888,2022,12
PER,98.887,2022,12
RIC,101.6928,2022,12
RUS,98.54366666666668,2022,12
SAI,98.199,2022,12
STR,101.3865,2022,12
TSU,99.7395,2022,12
VER,99.4862,2022,12
VET,99.384875,2022,12
ZHO,100.544,2022,12
ALB,85.94316666666667,2022,13
ALO,85.29544444444446,2022,13
BOT,87.67869999999999,2022,13
GAS,85.425,2022,13
HAM,120.45133333333335,2022,13
LAT,89.8727857142857,2022,13
LEC,91.398125,2022,13
MAG,90.01281818181818,2022,13
MSC,91.34450000000001,2022,13
NOR,84.736,2022,13
OCO,85.65966666666668,2022,13
PER,87.92645454545455,2022,13
RIC,85.28133333333334,2022,13
RUS,87.8216,2022,13
SAI,83.69716666666666,2022,13
STR,84.90755555555556,2022,13
TSU,88.6263846153846,2022,13
VER,85.16636363636364,2022,13
VET,84.66357142857143,2022,13
ZHO,88.65077777777778,2022,13
ALO,120.33666666666666,2022,14
BOT,119.91966666666667,2022,14
GAS,117.41825,2022,14
HAM,122.14233333333334,2022,14
LEC,108.20333333333333,2022,14
MSC,115.53344444444444,2022,14
OCO,115.6336,2022,14
PER,124.16466666666668,2022,14
RIC,119.67866666666667,2022,14
RUS,113.50625,2022,14
STR,120.46033333333334,2022,14
TSU,127.47425000000001,2022,14
VET,117.07283333333332,2022,14
ZHO,125.73049999999999,2022,14
ALB,94.94166666666666,2022,15
ALO,87.86611111111111,2022,15
BOT,91.22884210526315,2022,15
GAS,93.45581818181817,2022,15
HAM,97.50876923076923,2022,15
LAT,93.65035294117648,2022,15
LEC,92.64684210526316,2022,15
MAG,88.32872222222221,2022,15
MSC,86.78054999999999,2022,15
NOR,90.5926875,2022,15
OCO,86.65619999999998,2022,15
PER,90.25953333333334,2022,15
RIC,88.40216666666667,2022,15
RUS,92.04935,2022,15
SAI,87.8727391304348,2022,15
STR,88.64442857142858,2022,15
TSU,92.80992307692306,2022,15
VER,89.39326666666666,2022,15
VET,86.16280952380951,2022,15
ZHO,88.82527777777779,2022,15
ALB,87.64542857142858,2022,16
ALO,88.50273333333332,2022,16
BOT,86.995,2022,16
GAS,89.01916666666666,2022,16
HAM,86.8485,2022,16
LAT,87.44316666666667,2022,16
LEC,88.75128571428571,2022,16
MAG,87.76025,2022,16
NOR,87.1687,2022,16
OCO,90.81450000000001,2022,16
PER,92.50533333333334,2022,16
RIC,87.149,2022,16
RUS,86.47949999999999,2022,16
SAI,86.4472,2022,16
STR,87.751125,2022,16
TSU,88.6294375,2022,16
VER,88.704,2022,16
VET,92.84400000000001,2022,16
ZHO,87.83616666666667,2022,16
ALB,110.82322222222223,2022,17
ALO,109.69416666666666,2022,17
BOT,110.24657142857143,2022,17
GAS,115.205,2022,17
HAM,110.72966666666666,2022,17
LAT,113.13766666666668,2022,17
MAG,111.20242857142857,2022,17
MSC,113.381625,2022,17
OCO,113.15942857142856,2022,17
RIC,111.613,2022,17
RUS,109.05933333333333,2022,17
SAI,109.24940000000001,2022,17
STR,109.724,2022,17
TSU,122.8935,2022,17
VET,111.03816666666667,2022,17
ZHO,111.60216666666666,2022,17
ALB,117.41316666666667,2022,18
BOT,115.253,2022,18
HAM,108.98450000000001,2022,18
LAT,118.45628571428571,2022,18
PER,107.03655555555557,2022,18
RUS,108.44275,2022,18
SAI,105.6195,2022,18
STR,108.48533333333334,2022,18
TSU,108.06527272727273,2022,18
VER,108.70109090909091,2022,18
VET,107.5648888888889,2022,18
ZHO,116.33466666666665,2022,18
ALB,104.36300000000001,2022,19
ALO,104.2358,2022,19
BOT,103.1086,2022,19
GAS,103.4278,2022,19
HAM,102.93320000000001,2022,19
LAT,105.1526,2022,19
LEC,101.889,2022,19
MAG,104.0538,2022,19
MSC,104.0578,2022,19
NOR,103.33,2022,19
OCO,104.12460000000002,2022,19
PER,102.61599999999999,2022,19
RIC,102.619,2022,19
RUS,102.5048,2022,19
SAI,102.2606,2022,19
STR,103.2132,2022,19
TSU,104.25899999999999,2022,19
VER,102.2558,2022,19
VET,103.7696,2022,19
ZHO,103.59260000000002,2022,19
ALB,85.28,2022,20
ALO,84.77300000000001,2022,20
BOT,84.409,2022,20
GAS,84.3881111111111,2022,20
HAM,83.5282,2022,20
LAT,85.29633333333334,2022,20
MAG,85.46855555555555,2022,20
MSC,85.53999999999999,2022,20
NOR,84.70883333333335,2022,20
OCO,98.11483333333332,2022,20
PER,84.30566666666668,2022,20
RIC,84.28266666666667,2022,20
RUS,82.7166,2022,20
SAI,84.45175,2022,20
STR,84.87100000000001,2022,20
TSU,91.30900000000001,2022,20
VER,84.00233333333333,2022,20
VET,84.61583333333333,2022,20
ZHO,85.737125,2022,20
ALO,76.21775,2022,21
BOT,77.12966666666667,2022,21
GAS,76.90616666666666,2022,21
HAM,76.37711764705882,2022,21
LAT,78.4068,2022,21
LEC,76.91205263157894,2022,21
MAG,77.16142857142859,2022,21
MSC,79.00123529411765,2022,21
NOR,77.34333333333332,2022,21
OCO,76.37423076923076,2022,21
PER,76.73572222222222,2022,21
RIC,77.28866666666666,2022,21
RUS,76.14600000000002,2022,21
SAI,76.33928571428571,2022,21
SAR,77.86627272727273,2022,21
STR,78.25678571428571,2022,21
TSU,77.38275,2022,21
VER,76.7715,2022,21
VET,77.88714285714286,2022,21
ZHO,77.24289473684208,2022,21
ALB,94.97076923076924,2022,22
ALO,91.7422,2022,22
BOT,95.56,2022,22
GAS,92.06000000000002,2022,22
HAM,100.4828,2022,22
LAT,92.93,2022,22
LEC,95.92508333333332,2022,22
MAG,93.21424999999999,2022,22
MSC,95.69155555555555,2022,22
NOR,91.39833333333333,2022,22
OCO,95.0025,2022,22
PER,97.99350000000001,2022,22
RUS,90.90525,2022,22
SAI,94.75162499999999,2022,22
STR,92.72742857142858,2022,22
TSU,93.7185,2022,22
VER,91.72616666666666,2022,22
VET,92.54599999999999,2022,22
ZHO,97.20483333333334,2022,22
ALB,101.06907692307693,2023,1
ALO,100.27199999999999,2023,1
BOT,102.088,2023,1
DEV,99.461375,2023,1
GAS,100.3901,2023,1
HAM,98.62859999999999,2023,1
HUL,98.78399999999999,2023,1
LEC,97.74871428571429,2023,1
MAG,104.06875,2023,1
NOR,98.301,2023,1
OCO,101.01820000000001,2023,1
PER,98.14676923076922,2023,1
PIA,101.59707692307691,2023,1
RUS,98.42512500000001,2023,1
SAI,98.56960000000001,2023,1
SAR,102.17475,2023,1
STR,98.3768,2023,1
TSU,101.4686,2023,1
VER,98.4885,2023,1
ZHO,103.36366666666666,2023,1
ALB,95.860375,2023,2
ALO,95.7198181818182,2023,2
BOT,96.71375,2023,2
DEV,96.58814285714286,2023,2
GAS,95.23171428571428,2023,2
HAM,95.386,2023,2
HUL,97.4095,2023,2
LEC,95.6645,2023,2
MAG,97.54266666666666,2023,2
NOR,96.0546,2023,2
OCO,95.36288888888889,2023,2
PER,95.07860000000001,2023,2
PIA,95.5374,2023,2
RUS,95.79511111111111,2023,2
SAI,95.25600000000001,2023,2
SAR,96.33011111111111,2023,2
STR,95.77937499999999,2023,2
TSU,96.03688888888888,2023,2
VER,95.47545454545455,2023,2
ZHO,102.49950000000001,2023,2
ALB,93.68536363636363,2023,3
BOT,93.9085,2023,3
DEV,93.29839999999999,2023,3
GAS,84.69325,2023,3
HAM,83.25699999999999,2023,3
HUL,85.94966666666666,2023,3
LEC,103.56549999999999,2023,3
MAG,98.43999999999998,2023,3
NOR,94.22025,2023,3
OCO,91.302,2023,3
PER,98.37766666666666,2023,3
PIA,95.27991666666668,2023,3
RUS,83.26533333333333,2023,3
SAI,99.86900000000001,2023,3
STR,85.38199999999999,2023,3
TSU,92.1576,2023,3
VER,98.8,2023,3
ZHO,92.898,2023,3
ALB,109.69525000000002,2023,5
ALO,108.0344,2023,5
BOT,102.41399999999999,2023,5
DEV,107.59266666666667,2023,5
GAS,110.29275,2023,5
HAM,110.6496,2023,5
HUL,111.26975,2023,5
LEC,117.61474999999999,2023,5
MAG,116.76325,2023,5
NOR,93.41666666666667,2023,5
OCO,107.74575,2023,5
PER,122.94279999999999,2023,5
PIA,94.15,2023,5
RUS,106.12475,2023,5
SAI,94.63466666666666,2023,5
SAR,93.75333333333333,2023,5
STR,117.67750000000001,2023,5
TSU,112.10374999999999,2023,5
ZHO,108.15950000000002,2023,5
ALB,92.84233333333333,2023,6
ALO,77.01016666666668,2023,6
BOT,77.38442857142857,2023,6
DEV,76.9245,2023,6
GAS,77.28042857142857,2023,6
HAM,77.3058,2023,6
HUL,77.407,2023,6
LEC,86.38742857142857,2023,6
MAG,78.5222857142857,2023,6
NOR,86.16283333333335,2023,6
OCO,76.80675,2023,6
PER,77.12116666666667,2023,6
PIA,76.89416666666668,2023,6
RUS,77.5614,2023,6
SAI,86.23233333333333,2023,6
SAR,78.0395,2023,6
STR,76.95660000000001,2023,6
TSU,85.69675000000001,2023,6
VER,76.46157142857143,2023,6
ZHO,77.33099999999999,2023,6
ALB,81.07271428571428,2023,7
ALO,77.572,2023,7
BOT,80.35499999999999,2023,7
DEV,81.09757142857141,2023,7
GAS,83.88107692307692,2023,7
HAM,81.18875,2023,7
HUL,81.06878571428571,2023,7
LEC,80.2492,2023,7
MAG,84.51222222222223,2023,7
NOR,82.82636363636362,2023,7
OCO,84.03292857142856,2023,7
PER,81.4363,2023,7
PIA,80.92822222222223,2023,7
RUS,83.09173333333337,2023,7
SAI,80.39500000000001,2023,7
SAR,81.58999999999999,2023,7
STR,78.959,2023,7
TSU,81.28727272727274,2023,7
VER,79.917125,2023,7
ZHO,81.12400000000001,2023,7
ALB,78.0018,2023,8
ALO,77.77933333333333,2023,8
BOT,78.83877777777778,2023,8
DEV,77.27075,2023,8
GAS,77.7045,2023,8
HAM,78.68124999999999,2023,8
HUL,91.16483333333333,2023,8
LEC,78.23458333333332,2023,8
MAG,79.8232857142857,2023,8
NOR,78.39146666666666,2023,8
OCO,88.68581818181819,2023,8
PER,79.041,2023,8
PIA,78.76081818181818,2023,8
RUS,78.68946153846153,2023,8
SAI,78.1438,2023,8
SAR,79.49423529411764,2023,8
STR,79.69,2023,8
TSU,77.408,2023,8
VER,79.05257142857144,2023,8
ZHO,79.7875,2023,8
ALB,97.00315384615384,2023,10
ALO,98.2696,2023,10
BOT,100.15342857142856,2023,10
DEV,94.61028571428571,2023,10
GAS,97.65845454545455,2023,10
HAM,99.47389999999999,2023,10
HUL,96.72,2023,10
MAG,103.53880000000001,2023,10
NOR,96.96244444444444,2023,10
OCO,95.62314285714285,2023,10
PER,93.4478,2023,10
PIA,94.74477777777777,2023,10
RUS,104.80799999999999,2023,10
SAI,94.62187499999999,2023,10
SAR,98.76223076923078,2023,10
STR,94.57728571428571,2023,10
TSU,94.6775,2023,10
VER,93.93766666666666,2023,10
ZHO,101.742125,2023,10
ALB,85.42235714285714,2023,11
ALO,83.98281818181819,2023,11
BOT,83.36842857142858,2023,11
GAS,84.42954545454546,2023,11
HAM,84.41546153846154,2023,11
HUL,88.8568125,2023,11
LEC,86.83033333333333,2023,11
MAG,84.67077777777779,2023,11
NOR,88.1331875,2023,11
OCO,87.149,2023,11
PIA,87.2815,2023,11
RIC,84.22283333333333,2023,11
RUS,84.82516666666666,2023,11
SAI,92.6435,2023,11
SAR,87.13280000000002,2023,11
STR,83.97141666666666,2023,11
TSU,84.15215384615384,2023,11
VER,84.0686,2023,11
ZHO,83.48037500000001,2023,11
ALB,77.11169230769231,2023,13
ALO,76.742125,2023,13
BOT,78.16772727272726,2023,13
GAS,80.8178,2023,13
HAM,77.1035,2023,13
HUL,81.02333333333333,2023,13
LEC,78.07,2023,13
MAG,81.11528571428572,2023,13
NOR,76.56675000000001,2023,13
OCO,81.01453333333333,2023,13
PER,82.13484615384615,2023,13
RIC,85.97133333333333,2023,13
RUS,76.9595,2023,13
SAI,82.6320909090909,2023,13
SAR,76.45020000000002,2023,13
STR,77.411125,2023,13
TSU,81.99493333333334,2023,13
VER,83.04674999999999,2023,13
ZHO,83.72970000000001,2023,13
GAS,107.76700000000001,2023,14
HAM,86.7406,2023,14
LAW,113.944,2023,14
LEC,104.23266666666666,2023,14
OCO,116.45166666666667,2023,14
PIA,105.95599999999999,2023,14
RUS,113.4846,2023,14
SAR,86.70400000000001,2023,14
ALO,102.33344444444444,2023,15
BOT,99.24071428571429,2023,15
GAS,94.983,2023,15
HAM,103.21966666666668,2023,15
HUL,102.08157142857144,2023,15
LAW,103.97630000000001,2023,15
LEC,103.46233333333333,2023,15
MAG,101.90422222222223,2023,15
NOR,98.19725000000001,2023,15
OCO,102.98888888888888,2023,15
PER,98.25450000000001,2023,15
PIA,102.51099999999998,2023,15
RUS,100.41557142857144,2023,15
SAI,102.15879999999999,2023,15
SAR,100.1224,2023,15
STR,105.34725,2023,15
TSU,101.98712499999999,2023,15
VER,99.19857142857143,2023,15
ZHO,106.428,2023,15
ALB,99.2422857142857,2023,16
ALO,99.48071428571428,2023,16
BOT,99.11185714285715,2023,16
GAS,99.06416666666667,2023,16
HAM,98.69533333333334,2023,16
HUL,99.39574999999999,2023,16
LAW,98.8596,2023,16
LEC,98.34649999999999,2023,16
MAG,99.91516666666666,2023,16
NOR,98.393125,2023,16
OCO,99.45483333333334,2023,16
PER,98.51,2023,16
PIA,98.30999999999999,2023,16
RUS,98.69720000000001,2023,16
SAI,99.7327142857143,2023,16
SAR,99.06933333333332,2023,16
STR,98.56266666666666,2023,16
TSU,99.09685714285713,2023,16
VER,100.07150000000001,2023,16
ZHO,119.26175,2023,16
ALB,83.366375,2023,19
ALO,84.92941666666667,2023,19
BOT,85.81370000000001,2023,19
GAS,84.24657142857141,2023,19
HAM,84.10285714285713,2023,19
HUL,84.78312500000001,2023,19
LEC,86.4555,2023,19
MAG,85.28928571428571,2023,19
NOR,85.22476923076923,2023,19
OCO,84.501125,2023,19
PER,83.67150000000001,2023,19
PIA,83.78092307692307,2023,19
RIC,84.45144444444445,2023,19
RUS,84.057,2023,19
SAI,87.75753846153847,2023,19
SAR,84.066,2023,19
STR,95.8355,2023,19
TSU,85.5039090909091,2023,19
VER,83.65166666666667,2023,19
ZHO,87.4496,2023,19
ALB,101.16046153846156,2023,21
ALO,102.714625,2023,21
BOT,100.5954,2023,21
GAS,102.9255,2023,21
HAM,100.80163636363636,2023,21
HUL,101.69075,2023,21
LEC,100.13188888888888,2023,21
MAG,104.5647142857143,2023,21
NOR,102.08583333333333,2023,21
OCO,102.80766666666666,2023,21
PER,103.9224,2023,21
PIA,100.8535,2023,21
RIC,103.43400000000001,2023,21
RUS,100.3497142857143,2023,21
SAI,104.47512499999999,2023,21
SAR,102.34978571428573,2023,21
STR,102.108375,2023,21
TSU,100.98666666666666,2023,21
VER,104.10880000000002,2023,21
ZHO,108.50566666666667,2023,21
ALB,92.82262499999999,2023,22
ALO,109.26116666666668,2023,22
BOT,95.31125,2023,22
HAM,103.85825,2023,22
LEC,102.71275,2023,22
MAG,94.298125,2023,22
NOR,94.29114285714284,2023,22
OCO,107.50266666666666,2023,22
PER,107.21924999999999,2023,22
PIA,91.948,2023,22
RIC,91.27600000000001,2023,22
RUS,88.34859999999999,2023,22
SAR,96.38988888888889,2023,22
STR,105.34185714285715,2023,22
TSU,90.76699999999998,2023,22
VER,119.43599999999999,2023,22
ZHO,120.354375,2023,22
ALB,98.278875,2024,1
ALO,100.27277777777778,2024,1
BOT,100.0230909090909,2024,1
GAS,100.7621,2024,1
HAM,99.00141666666666,2024,1
HUL,101.96845454545455,2024,1
LEC,100.77100000000002,2024,1
MAG,98.03636363636365,2024,1
NOR,97.11949999999999,2024,1
OCO,102.08810000000001,2024,1
PER,99.68335714285715,2024,1
PIA,96.9173,2024,1
RIC,99.80825,2024,1
RUS,97.0776,2024,1
SAI,103.18972727272727,2024,1
SAR,97.36525,2024,1
STR,97.78630000000001,2024,1
TSU,100.75241666666666,2024,1
VER,100.84792307692307,2024,1
ZHO,101.34223076923078,2024,1
ALB,98.48561538461539,2024,2
ALO,97.81916666666666,2024,2
BOT,100.34581818181819,2024,2
GAS,100.635,2024,2
HAM,95.62866666666667,2024,2
HUL,95.652625,2024,2
LEC,94.40114285714286,2024,2
MAG,100.06490909090908,2024,2
NOR,94.6528,2024,2
OCO,100.82133333333333,2024,2
PER,94.50728571428571,2024,2
PIA,95.22399999999999,2024,2
RIC,100.2309,2024,2
RUS,94.47266666666667,2024,2
SAI,97.3675,2024,2
SAR,97.12022222222221,2024,2
STR,95.37424999999999,2024,2
TSU,98.43958333333335,2024,2
VER,95.08722222222222,2024,2
ZHO,98.598,2024,2
ALO,84.49538461538462,2024,3
BOT,84.79107692307693,2024,3
GAS,84.047,2024,3
HAM,103.16083333333334,2024,3
HUL,84.4541,2024,3
LEC,84.1015,2024,3
MAG,84.82723076923078,2024,3
NOR,83.139875,2024,3
OCO,84.57650000000001,2024,3
PER,83.9897,2024,3
PIA,83.1925,2024,3
RIC,84.38528571428571,2024,3
RUS,87.50828571428572,2024,3
SAI,83.87666666666667,2024,3
SAR,85.0778,2024,3
STR,84.96627272727272,2024,3
TSU,84.06711111111112,2024,3
VER,83.77325,2024,3
ZHO,85.72033333333333,2024,3
PIA,101.543,2024,4
ALB,88.67022222222221,2024,7
ALO,84.23939999999999,2024,7
BOT,84.24381818181818,2024,7
GAS,81.95242857142857,2024,7
HAM,81.215,2024,7
HUL,82.02437499999999,2024,7
LEC,86.68508333333334,2024,7
MAG,84.79849999999999,2024,7
NOR,80.83671428571428,2024,7
OCO,87.38941666666666,2024,7
PER,89.93575,2024,7
PIA,81.1415,2024,7
RIC,84.83242857142857,2024,7
RUS,88.6366,2024,7
SAI,86.87954545454545,2024,7
SAR,85.65690909090908,2024,7
STR,86.32124999999999,2024,7
TSU,85.8092142857143,2024,7
VER,91.168,2024,7
ZHO,85.20844444444444,2024,7
ALB,76.62783333333333,2024,8
ALO,77.23210000000002,2024,8
BOT,76.6664,2024,8
GAS,77.13414285714286,2024,8
HAM,77.11522222222223,2024,8
HUL,76.55900000000001,2024,8
LEC,78.65388888888889,2024,8
MAG,77.29314285714285,2024,8
NOR,77.23163636363637,2024,8
OCO,77.14,2024,8
PER,76.979375,2024,8
PIA,77.45583333333333,2024,8
RIC,77.80619999999999,2024,8
RUS,78.048,2024,8
SAI,77.973375,2024,8
SAR,77.26060000000001,2024,8
STR,86.41888888888889,2024,8
TSU,76.39822222222222,2024,8
VER,75.56233333333334,2024,8
ZHO,76.8486,2024,8
ALB,83.767375,2024,9
ALO,83.0739090909091,2024,9
BOT,83.3162,2024,9
GAS,88.7405,2024,9
HAM,83.86609090909091,2024,9
HUL,85.44575,2024,9
LEC,85.57839999999999,2024,9
MAG,82.99488888888888,2024,9
NOR,92.41,2024,9
OCO,82.91941666666666,2024,9
PER,79.42533333333334,2024,9
PIA,91.307875,2024,9
RIC,81.5685,2024,9
RUS,81.0276,2024,9
SAI,85.214,2024,9
SAR,82.32722222222223,2024,9
STR,82.88433333333333,2024,9
TSU,82.75325000000001,2024,9
ZHO,82.30499999999999,2024,9
ALB,85.33235714285713,2024,10
ALO,81.83477777777777,2024,10
BOT,83.14307142857142,2024,10
GAS,83.43911111111112,2024,10
HAM,85.59599999999999,2024,10
HUL,81.3660909090909,2024,10
LEC,88.053,2024,10
MAG,84.96128571428571,2024,10
NOR,80.16925,2024,10
OCO,86.60536363636362,2024,10
PER,87.17288888888889,2024,10
PIA,80.1626,2024,10
RIC,81.4313,2024,10
RUS,81.26633333333334,2024,10
SAI,81.1279090909091,2024,10
SAR,81.54606666666665,2024,10
STR,86.23870000000001,2024,10
TSU,82.09326666666666,2024,10
VER,80.62455555555556,2024,10
ZHO,94.37766666666666,2024,10
ALB,93.2579090909091,2024,12
ALO,93.34990000000002,2024,12
BOT,110.22500000000001,2024,12
GAS,93.27199999999999,2024,12
HAM,92.92342857142856,2024,12
HUL,93.3855,2024,12
LEC,92.63325,2024,12
MAG,118.54966666666667,2024,12
NOR,92.4319,2024,12
OCO,97.25933333333332,2024,12
PER,93.28049999999999,2024,12
PIA,92.32266666666668,2024,12
RIC,93.93266666666665,2024,12
RUS,92.50728571428571,2024,12
SAI,94.52533333333334,2024,12
SAR,93.475875,2024,12
STR,93.4206,2024,12
TSU,93.7184,2024,12
VER,92.77169999999998,2024,12
ZHO,94.1112,2024,12
ALB,88.87989999999999,2024,13
ALO,90.92755555555556,2024,13
BOT,94.66633333333334,2024,13
GAS,90.20616666666668,2024,13
HAM,90.809,2024,13
HUL,93.95042857142857,2024,13
MAG,88.03869999999999,2024,13
NOR,84.20671428571428,2024,13
OCO,94.87185714285714,2024,13
PER,93.33685714285716,2024,13
PIA,98.599,2024,13
RIC,90.904,2024,13
RUS,85.8225,2024,13
SAI,90.04054545454545,2024,13
SAR,89.42033333333333,2024,13
STR,91.338625,2024,13
VER,88.43025,2024,13
ZHO,91.49409090909091,2024,13
ALB,110.4718888888889,2024,14
ALO,111.09933333333333,2024,14
BOT,114.30255555555556,2024,14
GAS,110.685,2024,14
HAM,110.7222857142857,2024,14
HUL,114.49977777777778,2024,14
LEC,110.802,2024,14
MAG,111.25657142857142,2024,14
NOR,109.6265,2024,14
OCO,110.367875,2024,14
PER,110.35863636363638,2024,14
PIA,107.57425,2024,14
RIC,110.168,2024,14
RUS,110.7107,2024,14
SAI,109.937625,2024,14
SAR,110.66825,2024,14
STR,111.07757142857143,2024,14
TSU,111.92277777777778,2024,14
VER,109.73028571428571,2024,14
ZHO,114.22399999999999,2024,14
ALB,79.41906666666667,2024,15
ALO,76.96937499999999,2024,15
BOT,79.76125,2024,15
GAS,81.10485714285717,2024,15
HAM,76.83425,2024,15
LEC,82.0717142857143,2024,15
MAG,81.98039999999999,2024,15
NOR,75.52922222222222,2024,15
OCO,77.44307142857143,2024,15
PER,81.06241666666666,2024,15
PIA,76.12377777777778,2024,15
RIC,77.17641666666667,2024,15
RUS,78.68227272727272,2024,15
SAR,80.79592307692307,2024,15
STR,77.14977777777779,2024,15
TSU,79.32023076923075,2024,15
VER,76.51575,2024,15
ZHO,83.28192857142858,2024,15
ALB,88.58836363636362,2024,16
ALO,86.25999999999999,2024,16
BOT,89.1049,2024,16
COL,94.519,2024,16
GAS,94.29033333333332,2024,16
HAM,91.45954545454546,2024,16
HUL,86.046,2024,16
LEC,89.96981818181818,2024,16
NOR,90.03309090909092,2024,16
PER,92.3724,2024,16
PIA,85.45633333333333,2024,16
RIC,86.71400000000001,2024,16
RUS,84.8314,2024,16
SAI,86.06171428571429,2024,16
STR,86.20616666666666,2024,16
TSU,97.55675,2024,16
VER,89.50008333333334,2024,16
ZHO,92.53018181818182,2024,16
ALB,110.994,2024,17
ALO,111.6038,2024,17
BEA,114.26370000000001,2024,17
BOT,113.39933333333335,2024,17
COL,111.027625,2024,17
GAS,110.33966666666667,2024,17
HAM,108.94025,2024,17
HUL,113.6611111111111,2024,17
LEC,108.21933333333334,2024,17
NOR,109.5672,2024,17
OCO,111.7228,2024,17
PER,109.57012499999999,2024,17
PIA,109.60875000000001,2024,17
RIC,111.84244444444445,2024,17
RUS,108.66033333333333,2024,17
SAI,114.77625,2024,17
STR,106.65666666666668,2024,17
TSU,111.1458888888889,2024,17
VER,111.22925000000001,2024,17
ZHO,112.8315,2024,17
ALB,98.41314285714286,2024,18
ALO,100.59042857142856,2024,18
BOT,101.96311111111112,2024,18
COL,103.5133,2024,18
GAS,98.82469999999999,2024,18
HAM,100.192,2024,18
HUL,103.50572727272728,2024,18
LEC,102.8022,2024,18
MAG,99.92444444444443,2024,18
NOR,97.6212857142857,2024,18
OCO,101.40079999999999,2024,18
PER,99.86342857142857,2024,18
PIA,107.53666666666668,2024,18
RIC,104.99116666666667,2024,18
RUS,100.7885,2024,18
SAI,99.77157142857142,2024,18
STR,93.62333333333333,2024,18
TSU,99.9863,2024,18
VER,104.53025,2024,18
ZHO,99.989875,2024,18
ALO,83.29483333333333,2024,20
BOT,82.83085714285714,2024,20
COL,82.83428571428571,2024,20
GAS,82.46842857142859,2024,20
HAM,81.95314285714286,2024,20
HUL,82.66477777777779,2024,20
LAW,82.64385714285713,2024,20
LEC,81.65533333333333,2024,20
MAG,83.199,2024,20
NOR,81.76414285714286,2024,20
OCO,82.44628571428572,2024,20
PER,82.64025000000001,2024,20
PIA,81.70657142857144,2024,20
SAI,81.97888888888889,2024,20
STR,82.86933333333333,2024,20
TSU,82.36957142857143,2024,20
ZHO,83.35842857142858,2024,20
ALO,103.51366666666667,2024,22
BOT,105.341,2024,22
COL,102.51857142857143,2024,22
GAS,104.02029999999999,2024,22
HAM,103.01549999999999,2024,22
HUL,102.92588888888889,2024,22
LAW,106.536,2024,22
LEC,100.61133333333333,2024,22
MAG,107.00649999999999,2024,22
NOR,101.54116666666665,2024,22
OCO,100.180375,2024,22
PER,99.051,2024,22
PIA,98.60700000000001,2024,22
RUS,99.188,2024,22
SAI,102.6782222222222,2024,22
STR,101.819,2024,22
TSU,103.58250000000001,2024,22
VER,105.11977777777777,2024,22
ZHO,103.75744444444446,2024,22
ALB,99.3818,2024,24
ALO,90.31833333333333,2024,24
BOT,92.331,2024,24
COL,110.29974999999999,2024,24
DOO,90.4556,2024,24
GAS,95.0281111111111,2024,24
HAM,89.85800000000002,2024,24
HUL,94.936875,2024,24
LAW,97.24271428571429,2024,24
LEC,95.7512,2024,24
MAG,93.70255555555555,2024,24
NOR,89.62566666666667,2024,24
PER,94.73211111111111,2024,24
PIA,89.5165,2024,24
RUS,89.93671428571429,2024,24
SAI,95.116,2024,24
STR,95.01422222222223,2024,24
TSU,94.886,2024,24
VER,95.34381818181818,2024,24
ZHO,93.43799999999999,2024,24
